,"A->B,rms1,p2point","A->B,rms1PSNR,p2point","A->B,rms1,p2plane","A->B,rms1PSNR,p2plane","A->B,h1,p2point","A->B,hPSNR1,p2point","A->B,h1,p2plane","A->B,hPSNR1,p2plane","B->A,rms2,p2point","B->A,rms2PSNR,p2point","B->A,rms2,p2plane","B->A,rms2PSNR,p2plane","B->A,h2,p2point","B->A,hPSNR2,p2point","B->A,h2,p2plane","B->A,hPSNR2,p2plane","Symmetric,rmsF,p2point","Symmetric,rmsFPSNR,p2point","Symmetric,rmsF,p2plane","Symmetric,rmsFPSNR,p2plane","Symmetric,hF,p2point","Symmetric,hPSNRF,p2point","Symmetric,hF,p2plane","Symmetric,hPSNRF,p2plane",ori_file,decompressed_file,n_points_ori,n_points_out,compressed_file,compressed_size_in_bits,bpov
0,0.0307379,47.5704,0.0165622,52.9416,6.0,1.76091,2.14791,10.6836,0.378398,25.765,0.254859,29.1979,4.47214,4.31364,3.28208,7.00096,0.378398,25.765,0.254859,29.1979,6.0,1.76091,3.28208,7.00096,msft/andrew9/ply/frame0000.ply,msft_dec_00005/andrew9/ply/frame0000.ply.bin.ply,279664,423594,msft_bin_00005/andrew9/ply/frame0000.ply.bin,281992,1.0083242748440986
1,0.0317293,50.2238,0.0172256,55.5296,9.8995,0.340798,1.8289,15.0092,0.355074,29.2467,0.23585,32.8004,4.0,8.21186,3.11379,10.3873,0.355074,29.2467,0.23585,32.8004,9.8995,0.340798,3.11379,10.3873,msft/david9/ply/frame0000.ply,msft_dec_00005/david9/ply/frame0000.ply.bin.ply,330797,486864,msft_bin_00005/david9/ply/frame0000.ply.bin,335136,1.013116805775143
2,0.0310677,60.996,0.0169064,66.2812,34.7707,0.0179242,9.96147,10.8757,0.389212,39.0385,0.257267,42.6345,5.0,16.8628,3.56749,19.7949,0.389212,39.0385,0.257267,42.6345,34.7707,0.0179242,9.96147,10.8757,msft/phil9/ply/frame0000.ply,msft_dec_00005/phil9/ply/frame0000.ply.bin.ply,370798,568827,msft_bin_00005/phil9/ply/frame0000.ply.bin,372560,1.0047519134407412
3,0.0299942,40.0017,0.0164254,45.2321,3.60555,-1.59701,1.93439,3.81155,0.347266,18.7292,0.234034,22.1568,3.4641,-1.24939,3.06367,-0.182421,0.347266,18.7292,0.234034,22.1568,3.60555,-1.59701,3.06367,-0.182421,msft/ricardo9/ply/frame0000.ply,msft_dec_00005/ricardo9/ply/frame0000.ply.bin.ply,214656,313459,msft_bin_00005/ricardo9/ply/frame0000.ply.bin,259816,1.2103831246273107
4,0.0298082,50.8876,0.0161194,56.2273,10.3923,0.0400278,2.48834,12.4561,0.354729,29.3763,0.235462,32.9358,4.12311,8.06978,3.45779,9.59829,0.354729,29.3763,0.235462,32.9358,10.3923,0.0400278,3.45779,9.59829,msft/sarah9/ply/frame0000.ply,msft_dec_00005/sarah9/ply/frame0000.ply.bin.ply,302437,445577,msft_bin_00005/sarah9/ply/frame0000.ply.bin,315624,1.0436024692745927
