,"A->B,rms1,p2point","A->B,rms1PSNR,p2point","A->B,rms1,p2plane","A->B,rms1PSNR,p2plane","A->B,h1,p2point","A->B,hPSNR1,p2point","A->B,h1,p2plane","A->B,hPSNR1,p2plane","B->A,rms2,p2point","B->A,rms2PSNR,p2point","B->A,rms2,p2plane","B->A,rms2PSNR,p2plane","B->A,h2,p2point","B->A,hPSNR2,p2point","B->A,h2,p2plane","B->A,hPSNR2,p2plane","Symmetric,rmsF,p2point","Symmetric,rmsFPSNR,p2point","Symmetric,rmsF,p2plane","Symmetric,rmsFPSNR,p2plane","Symmetric,hF,p2point","Symmetric,hPSNRF,p2point","Symmetric,hF,p2plane","Symmetric,hPSNRF,p2plane",ori_file,decompressed_file,n_points_ori,n_points_out
0,3.32655,6.88406,1.29491,15.0791,6.02012,1.73184,5.7768,2.09018,2.15718,10.6462,1.86346,11.9175,251.813,-30.6976,145.098,-25.9093,3.32655,6.88406,1.86346,11.9175,251.813,-30.6976,145.098,-25.9093,msft/andrew9/ply/frame0000.ply,cwi-pcl-codec-samples/msft_6/andrew9/ply/frame0000.ply,279664,5635
1,4.0816,8.03644,1.68787,15.7063,7.31226,2.97202,6.99934,3.35191,2.85624,11.1372,2.53437,12.1757,265.484,-28.2277,264.201,-28.1856,4.0816,8.03644,2.53437,12.1757,265.484,-28.2277,264.201,-28.1856,msft/david9/ply/frame0000.ply,cwi-pcl-codec-samples/msft_6/david9/ply/frame0000.ply,330797,4663
2,3.78874,19.2723,1.58111,26.8629,6.83011,14.1536,6.61395,14.433,2.58565,22.5908,2.23954,23.839,216.178,-15.854,211.033,-15.6448,3.78874,19.2723,2.23954,23.839,216.178,-15.854,211.033,-15.6448,msft/phil9/ply/frame0000.ply,cwi-pcl-codec-samples/msft_6/phil9/ply/frame0000.ply,370798,5963
3,3.00839,-0.0242685,1.28961,7.33324,5.47692,-5.22831,5.31548,-4.96842,1.94078,3.78288,1.699,4.93854,306.141,-40.176,298.092,-39.9446,3.00839,-0.0242685,1.699,4.93854,306.141,-40.176,298.092,-39.9446,msft/ricardo9/ply/frame0000.ply,cwi-pcl-codec-samples/msft_6/ricardo9/ply/frame0000.ply,214656,6808
4,3.79486,8.79036,1.53616,16.6455,6.89594,3.60239,6.4881,4.13192,2.56746,12.1842,2.24154,13.3633,296.892,-29.0777,274.969,-28.4114,3.79486,8.79036,2.24154,13.3633,296.892,-29.0777,274.969,-28.4114,msft/sarah9/ply/frame0000.ply,cwi-pcl-codec-samples/msft_6/sarah9/ply/frame0000.ply,302437,4946
