,"A->B,rms1,p2point","A->B,rms1PSNR,p2point","A->B,rms1,p2plane","A->B,rms1PSNR,p2plane","A->B,h1,p2point","A->B,hPSNR1,p2point","A->B,h1,p2plane","A->B,hPSNR1,p2plane","B->A,rms2,p2point","B->A,rms2PSNR,p2point","B->A,rms2,p2plane","B->A,rms2PSNR,p2plane","B->A,h2,p2point","B->A,hPSNR2,p2point","B->A,h2,p2plane","B->A,hPSNR2,p2plane","Symmetric,rmsF,p2point","Symmetric,rmsFPSNR,p2point","Symmetric,rmsF,p2plane","Symmetric,rmsFPSNR,p2plane","Symmetric,hF,p2point","Symmetric,hPSNRF,p2point","Symmetric,hF,p2plane","Symmetric,hPSNRF,p2plane",ori_file,decompressed_file,n_points_ori,n_points_out
0,1.66613,12.8897,0.703581,20.3777,3.01006,7.75244,2.86982,8.16684,1.07392,16.7045,0.819112,19.0571,251.813,-30.6976,145.098,-25.9093,1.66613,12.8897,0.819112,19.0571,251.813,-30.6976,145.098,-25.9093,msft/andrew9/ply/frame0000.ply,cwi-pcl-codec-samples/msft_7/andrew9/ply/frame0000.ply,279664,23112
1,2.02873,14.1086,0.894412,21.2223,3.65612,8.99266,3.59447,9.14036,1.35274,17.6288,1.09739,19.4458,265.484,-28.2277,264.201,-28.1856,2.02873,14.1086,1.09739,19.4458,265.484,-28.2277,264.201,-28.1856,msft/david9/ply/frame0000.ply,cwi-pcl-codec-samples/msft_7/david9/ply/frame0000.ply,330797,18243
2,1.89644,25.2834,0.845155,32.3035,3.41505,20.1742,3.31309,20.4375,1.25961,28.8375,0.990932,30.9213,216.178,-15.854,211.033,-15.6448,1.89644,25.2834,0.990932,30.9213,216.178,-15.854,211.033,-15.6448,msft/phil9/ply/frame0000.ply,cwi-pcl-codec-samples/msft_7/phil9/ply/frame0000.ply,370798,23817
3,1.4982,6.03104,0.66742,13.0544,2.73846,0.792312,2.59799,1.24967,0.967514,9.82928,0.718351,12.4157,306.141,-40.176,298.092,-39.9446,1.4982,6.03104,0.718351,12.4157,306.141,-40.176,298.092,-39.9446,msft/ricardo9/ply/frame0000.ply,cwi-pcl-codec-samples/msft_7/ricardo9/ply/frame0000.ply,214656,27645
4,1.90756,14.7647,0.831015,21.9821,3.44798,9.62298,3.27908,10.0592,1.26121,18.3585,1.00102,20.3654,296.892,-29.0777,274.969,-28.4114,1.90756,14.7647,1.00102,20.3654,296.892,-29.0777,274.969,-28.4114,msft/sarah9/ply/frame0000.ply,cwi-pcl-codec-samples/msft_7/sarah9/ply/frame0000.ply,302437,19689
