,"A->B,rms1,p2point","A->B,rms1PSNR,p2point","A->B,rms1,p2plane","A->B,rms1PSNR,p2plane","A->B,h1,p2point","A->B,hPSNR1,p2point","A->B,h1,p2plane","A->B,hPSNR1,p2plane","B->A,rms2,p2point","B->A,rms2PSNR,p2point","B->A,rms2,p2plane","B->A,rms2PSNR,p2plane","B->A,h2,p2point","B->A,hPSNR2,p2point","B->A,h2,p2plane","B->A,hPSNR2,p2plane","Symmetric,rmsF,p2point","Symmetric,rmsFPSNR,p2point","Symmetric,rmsF,p2plane","Symmetric,rmsFPSNR,p2plane","Symmetric,hF,p2point","Symmetric,hPSNRF,p2point","Symmetric,hF,p2plane","Symmetric,hPSNRF,p2plane",ori_file,decompressed_file,n_points_ori,n_points_out,compressed_file,compressed_size_in_bits,bpov
0,0.0530066,42.8373,0.0289,48.106,10.3441,-2.9699,3.08752,7.53173,0.521341,22.9815,0.379305,25.7442,6.08276,1.64192,5.5074,2.50501,0.521341,22.9815,0.379305,25.7442,10.3441,-2.9699,5.5074,2.50501,msft/andrew9/ply/frame0000.ply,msft_dec_00001/andrew9/ply/frame0000.ply.bin.ply,279664,490751,msft_bin_00001/andrew9/ply/frame0000.ply.bin,108176,0.3868070255735454
1,0.0561934,45.2594,0.0308002,50.482,32.2645,-9.92145,6.16547,4.45373,0.495645,26.3496,0.355031,29.2477,5.19615,5.93942,5.12761,6.05475,0.495645,26.3496,0.355031,29.2477,32.2645,-9.92145,6.16547,4.45373,msft/david9/ply/frame0000.ply,msft_dec_00001/david9/ply/frame0000.ply.bin.ply,330797,563059,msft_bin_00001/david9/ply/frame0000.ply.bin,127064,0.38411472897275367
2,0.0564926,55.8024,0.030852,61.0565,34.9285,-0.0214109,6.78016,14.2174,0.552151,36.001,0.396384,38.8799,5.91608,15.4015,5.91306,15.4059,0.552151,36.001,0.396384,38.8799,34.9285,-0.0214109,6.78016,14.2174,msft/phil9/ply/frame0000.ply,msft_dec_00001/phil9/ply/frame0000.ply.bin.ply,370798,669470,msft_bin_00001/phil9/ply/frame0000.ply.bin,138992,0.37484560326646854
3,0.0503092,35.5095,0.027905,40.6288,5.83095,-5.77236,2.14368,2.91924,0.476375,15.9834,0.347355,18.7269,5.0,-4.43698,4.98434,-4.40974,0.476375,15.9834,0.347355,18.7269,5.83095,-5.77236,4.98434,-4.40974,msft/ricardo9/ply/frame0000.ply,msft_dec_00001/ricardo9/ply/frame0000.ply.bin.ply,214656,360638,msft_bin_00001/ricardo9/ply/frame0000.ply.bin,99040,0.46138938580799044
4,0.0559398,45.4198,0.0299435,50.8482,28.178,-8.62394,3.62284,9.19329,0.498986,26.4125,0.359112,29.2697,5.74456,5.18913,5.07231,6.27015,0.498986,26.4125,0.359112,29.2697,28.178,-8.62394,5.07231,6.27015,msft/sarah9/ply/frame0000.ply,msft_dec_00001/sarah9/ply/frame0000.ply.bin.ply,302437,517670,msft_bin_00001/sarah9/ply/frame0000.ply.bin,120936,0.3998717088186961
