,"A->B,rms1,p2point","A->B,rms1PSNR,p2point","A->B,rms1,p2plane","A->B,rms1PSNR,p2plane","A->B,h1,p2point","A->B,hPSNR1,p2point","A->B,h1,p2plane","A->B,hPSNR1,p2plane","B->A,rms2,p2point","B->A,rms2PSNR,p2point","B->A,rms2,p2plane","B->A,rms2PSNR,p2plane","B->A,h2,p2point","B->A,hPSNR2,p2point","B->A,h2,p2plane","B->A,hPSNR2,p2plane","Symmetric,rmsF,p2point","Symmetric,rmsFPSNR,p2point","Symmetric,rmsF,p2plane","Symmetric,rmsFPSNR,p2plane","Symmetric,hF,p2point","Symmetric,hPSNRF,p2point","Symmetric,hF,p2plane","Symmetric,hPSNRF,p2plane",ori_file,decompressed_file,n_points_ori,n_points_out
0,0.417432,24.9122,0.199529,31.3238,0.752516,19.7936,0.736076,19.9855,0.416825,24.9249,0.199754,31.314,251.813,-30.6976,145.098,-25.9093,0.417432,24.9122,0.199754,31.314,251.813,-30.6976,145.098,-25.9093,msft/andrew9/ply/frame0000.ply,cwi-pcl-codec-samples/msft_9/andrew9/ply/frame0000.ply,279664,277291
1,0.50088,26.2584,0.252066,32.2228,0.914014,21.034,0.902022,21.1487,0.483131,26.5718,0.248693,32.3398,265.484,-28.2277,264.201,-28.1856,0.50088,26.2584,0.252066,32.2228,265.484,-28.2277,264.201,-28.1856,msft/david9/ply/frame0000.ply,cwi-pcl-codec-samples/msft_9/david9/ply/frame0000.ply,330797,295755
2,0.484985,37.1276,0.246979,42.989,0.853754,32.2155,0.821014,32.5552,0.478404,37.2463,0.246363,43.0107,216.178,-15.854,211.033,-15.6448,0.484985,37.1276,0.246979,42.989,216.178,-15.854,211.033,-15.6448,msft/phil9/ply/frame0000.ply,cwi-pcl-codec-samples/msft_9/phil9/ply/frame0000.ply,370798,355223
3,0.382808,17.8828,0.190915,23.9256,0.6846,12.8337,0.655073,13.2166,0.382205,17.8965,0.191682,23.8908,306.141,-40.176,298.092,-39.9446,0.382808,17.8828,0.191682,23.8908,306.141,-40.176,298.092,-39.9446,msft/ricardo9/ply/frame0000.ply,cwi-pcl-codec-samples/msft_9/ricardo9/ply/frame0000.ply,214656,212328
4,0.477639,26.7923,0.233715,33.0005,0.862003,21.6641,0.820823,22.0893,0.459682,27.1251,0.230757,33.1112,296.892,-29.0777,274.969,-28.4114,0.477639,26.7923,0.233715,33.0005,296.892,-29.0777,274.969,-28.4114,msft/sarah9/ply/frame0000.ply,cwi-pcl-codec-samples/msft_9/sarah9/ply/frame0000.ply,302437,271078
