,"A->B,rms1,p2point","A->B,rms1PSNR,p2point","A->B,rms1,p2plane","A->B,rms1PSNR,p2plane","A->B,h1,p2point","A->B,hPSNR1,p2point","A->B,h1,p2plane","A->B,hPSNR1,p2plane","B->A,rms2,p2point","B->A,rms2PSNR,p2point","B->A,rms2,p2plane","B->A,rms2PSNR,p2plane","B->A,h2,p2point","B->A,hPSNR2,p2point","B->A,h2,p2plane","B->A,hPSNR2,p2plane","Symmetric,rmsF,p2point","Symmetric,rmsFPSNR,p2point","Symmetric,rmsF,p2plane","Symmetric,rmsFPSNR,p2plane","Symmetric,hF,p2point","Symmetric,hPSNRF,p2point","Symmetric,hF,p2plane","Symmetric,hPSNRF,p2plane",ori_file,decompressed_file,n_points_ori,n_points_out,compressed_file,compressed_size_in_bits,bpov
0,0.0846416,38.7723,0.0463315,44.0064,13.1909,-5.08155,3.10968,7.46963,0.632528,21.3023,0.483503,23.6359,6.78233,0.696359,5.70076,2.20529,0.632528,21.3023,0.483503,23.6359,13.1909,-5.08155,5.70076,2.20529,msft/andrew9/ply/frame0000.ply,msft_dec_000005/andrew9/ply/frame0000.ply.bin.ply,279664,543381,msft_bin_000005/andrew9/ply/frame0000.ply.bin,67488,0.24131815321242633
1,0.0891617,41.2495,0.0470081,46.8096,33.2415,-10.1806,4.32503,7.53328,0.618956,24.4199,0.467689,26.8539,6.48074,4.02057,4.90502,6.44024,0.618956,24.4199,0.467689,26.8539,33.2415,-10.1806,4.90502,6.44024,msft/david9/ply/frame0000.ply,msft_dec_000005/david9/ply/frame0000.ply.bin.ply,330797,633810,msft_bin_000005/david9/ply/frame0000.ply.bin,78208,0.2364229421669483
2,0.0912035,51.642,0.0489605,57.0453,36.3593,-0.370128,4.06906,18.6523,0.672368,34.29,0.510802,36.6771,6.40312,14.7143,6.26931,14.8978,0.672368,34.29,0.510802,36.6771,36.3593,-0.370128,6.26931,14.8978,msft/phil9/ply/frame0000.ply,msft_dec_000005/phil9/ply/frame0000.ply.bin.ply,370798,748328,msft_bin_000005/phil9/ply/frame0000.ply.bin,86848,0.23421917054568794
3,0.0773046,31.7783,0.0424117,36.9927,11.5758,-11.7286,2.80771,0.575392,0.595646,14.0427,0.457099,16.3422,5.74456,-5.64271,4.97095,-4.38636,0.595646,14.0427,0.457099,16.3422,11.5758,-11.7286,4.97095,-4.38636,msft/ricardo9/ply/frame0000.ply,msft_dec_000005/ricardo9/ply/frame0000.ply.bin.ply,214656,407479,msft_bin_000005/ricardo9/ply/frame0000.ply.bin,62616,0.2917039355992844
4,0.10532,39.924,0.0494767,46.4862,28.4781,-8.71594,18.2978,-4.87372,0.615554,24.5889,0.470867,26.9163,5.47723,5.60305,4.94503,6.49089,0.615554,24.5889,0.470867,26.9163,28.4781,-8.71594,18.2978,-4.87372,msft/sarah9/ply/frame0000.ply,msft_dec_000005/sarah9/ply/frame0000.ply.bin.ply,302437,577381,msft_bin_000005/sarah9/ply/frame0000.ply.bin,75064,0.24819714519056862
