,"A->B,rms1,p2point","A->B,rms1PSNR,p2point","A->B,rms1,p2plane","A->B,rms1PSNR,p2plane","A->B,h1,p2point","A->B,hPSNR1,p2point","A->B,h1,p2plane","A->B,hPSNR1,p2plane","B->A,rms2,p2point","B->A,rms2PSNR,p2point","B->A,rms2,p2plane","B->A,rms2PSNR,p2plane","B->A,h2,p2point","B->A,hPSNR2,p2point","B->A,h2,p2plane","B->A,hPSNR2,p2plane","Symmetric,rmsF,p2point","Symmetric,rmsFPSNR,p2point","Symmetric,rmsF,p2plane","Symmetric,rmsFPSNR,p2plane","Symmetric,hF,p2point","Symmetric,hPSNRF,p2point","Symmetric,hF,p2plane","Symmetric,hPSNRF,p2plane",ori_file,decompressed_file,n_points_ori,n_points_out,compressed_file,compressed_size_in_bits,bpov
0,0.0335453,46.8113,0.01849,51.9852,6.7082,0.791813,2.06648,11.0193,0.295297,27.9187,0.188868,31.8008,3.16228,7.32394,2.57452,9.11,0.295297,27.9187,0.188868,31.8008,6.7082,0.791813,2.57452,9.11,msft/andrew9/ply/frame0000.ply,msft_dec_0001/andrew9/ply/frame0000.ply.bin.ply,279664,379742,msft_bin_0001/andrew9/ply/frame0000.ply.bin,454568,1.6254076320155615
1,0.0359548,49.1379,0.019508,54.4488,7.48331,2.77118,2.83521,11.2014,0.27234,31.5508,0.172735,35.5055,3.31662,9.83913,2.21946,13.3281,0.27234,31.5508,0.172735,35.5055,7.48331,2.77118,2.83521,11.2014,msft/david9/ply/frame0000.ply,msft_dec_0001/david9/ply/frame0000.ply.bin.ply,330797,435599,msft_bin_0001/david9/ply/frame0000.ply.bin,525976,1.5900265117277363
2,0.0366341,59.5645,0.0200154,64.8149,13.6748,8.12377,6.1539,15.0592,0.299916,41.3022,0.188846,45.32,3.31662,20.4283,3.15346,20.8664,0.299916,41.3022,0.188846,45.32,13.6748,8.12377,6.1539,15.0592,msft/phil9/ply/frame0000.ply,msft_dec_0001/phil9/ply/frame0000.ply.bin.ply,370798,504662,msft_bin_0001/phil9/ply/frame0000.ply.bin,586192,1.5808931008257865
3,0.0346748,38.7422,0.0191185,43.9134,2.44949,1.76091,1.64086,5.241,0.270221,20.908,0.173601,24.7514,3.31662,-0.871502,2.3819,2.00397,0.270221,20.908,0.173601,24.7514,3.31662,-0.871502,2.3819,2.00397,msft/ricardo9/ply/frame0000.ply,msft_dec_0001/ricardo9/ply/frame0000.ply.bin.ply,214656,282292,msft_bin_0001/ricardo9/ply/frame0000.ply.bin,405576,1.8894230769230769
4,0.0340604,49.7293,0.0187081,54.9337,10.7703,-0.270315,2.26033,13.2908,0.271808,31.689,0.171328,35.6977,3.16228,10.3743,2.97714,10.8983,0.271808,31.689,0.171328,35.6977,10.7703,-0.270315,2.97714,10.8983,msft/sarah9/ply/frame0000.ply,msft_dec_0001/sarah9/ply/frame0000.ply.bin.ply,302437,398391,msft_bin_0001/sarah9/ply/frame0000.ply.bin,501232,1.6573104481263867
