,"A->B,rms1,p2point","A->B,rms1PSNR,p2point","A->B,rms1,p2plane","A->B,rms1PSNR,p2plane","A->B,h1,p2point","A->B,hPSNR1,p2point","A->B,h1,p2plane","A->B,hPSNR1,p2plane","B->A,rms2,p2point","B->A,rms2PSNR,p2point","B->A,rms2,p2plane","B->A,rms2PSNR,p2plane","B->A,h2,p2point","B->A,hPSNR2,p2point","B->A,h2,p2plane","B->A,hPSNR2,p2plane","Symmetric,rmsF,p2point","Symmetric,rmsFPSNR,p2point","Symmetric,rmsF,p2plane","Symmetric,rmsFPSNR,p2plane","Symmetric,hF,p2point","Symmetric,hPSNRF,p2point","Symmetric,hF,p2plane","Symmetric,hPSNRF,p2plane",ori_file,decompressed_file,n_points_ori,n_points_out
0,6.68712,0.819149,2.48853,9.40509,12.0403,-4.28878,11.5396,-3.91985,4.60926,4.05131,4.10744,5.05251,251.813,-30.6976,145.098,-25.9093,6.68712,0.819149,4.10744,5.05251,251.813,-30.6976,145.098,-25.9093,msft/andrew9/ply/frame0000.ply,cwi-pcl-codec-samples/msft_5/andrew9/ply/frame0000.ply,279664,1424
1,8.10573,2.07722,3.07905,10.4847,14.6245,-3.04858,14.1771,-2.77869,5.90102,4.83452,5.31264,5.74685,265.484,-28.2277,264.201,-28.1856,8.10573,2.07722,5.31264,5.74685,265.484,-28.2277,264.201,-28.1856,msft/david9/ply/frame0000.ply,cwi-pcl-codec-samples/msft_5/david9/ply/frame0000.ply,330797,1220
2,7.57973,13.2491,2.94483,21.461,13.6602,8.13302,13.048,8.53129,5.50479,16.0274,4.83525,17.1538,216.178,-15.854,211.033,-15.6448,7.57973,13.2491,4.83525,17.1538,216.178,-15.854,211.033,-15.6448,msft/phil9/ply/frame0000.ply,cwi-pcl-codec-samples/msft_5/phil9/ply/frame0000.ply,370798,1537
3,6.03689,-6.07383,2.47131,1.68386,10.9539,-11.2489,10.6032,-10.9663,4.18584,-2.89322,3.81968,-2.09811,306.141,-40.176,298.092,-39.9446,6.03689,-6.07383,3.81968,-2.09811,306.141,-40.176,298.092,-39.9446,msft/ricardo9/ply/frame0000.ply,cwi-pcl-codec-samples/msft_5/ricardo9/ply/frame0000.ply,214656,1690
4,7.62017,2.73498,2.9353,11.0212,13.7919,-2.41821,13.109,-1.97711,5.5848,5.43411,4.94755,6.48647,296.892,-29.0777,274.969,-28.4114,7.62017,2.73498,4.94755,6.48647,296.892,-29.0777,274.969,-28.4114,msft/sarah9/ply/frame0000.ply,cwi-pcl-codec-samples/msft_5/sarah9/ply/frame0000.ply,302437,1317
