,"A->B,rms1,p2point","A->B,rms1PSNR,p2point","A->B,rms1,p2plane","A->B,rms1PSNR,p2plane","A->B,h1,p2point","A->B,hPSNR1,p2point","A->B,h1,p2plane","A->B,hPSNR1,p2plane","B->A,rms2,p2point","B->A,rms2PSNR,p2point","B->A,rms2,p2plane","B->A,rms2PSNR,p2plane","B->A,h2,p2point","B->A,hPSNR2,p2point","B->A,h2,p2plane","B->A,hPSNR2,p2plane","Symmetric,rmsF,p2point","Symmetric,rmsFPSNR,p2point","Symmetric,rmsF,p2plane","Symmetric,rmsFPSNR,p2plane","Symmetric,hF,p2point","Symmetric,hPSNRF,p2point","Symmetric,hF,p2plane","Symmetric,hPSNRF,p2plane",ori_file,decompressed_file,n_points_ori,n_points_out,compressed_file,compressed_size_in_bits,bpov
0,0.452784,24.2061,0.109647,36.524,26.1725,-11.033,5.16472,3.06301,1.33967,14.784,1.16198,16.0199,9.0,-1.76091,8.48973,-1.25394,1.33967,14.784,1.16198,16.0199,26.1725,-11.033,8.48973,-1.25394,msft/andrew9/ply/frame0000.ply,msft_dec_000001/andrew9/ply/frame0000.ply.bin.ply,279664,895043,msft_bin_000001/andrew9/ply/frame0000.ply.bin,20520,0.07337376280107558
1,0.303539,30.6088,0.0790081,42.2996,83.2947,-18.1593,10.7545,-0.378733,1.36507,17.5499,1.1847,18.7809,9.84886,0.385342,9.00988,1.15868,1.36507,17.5499,1.1847,18.7809,83.2947,-18.1593,10.7545,-0.378733,msft/david9/ply/frame0000.ply,msft_dec_000001/david9/ply/frame0000.ply.bin.ply,330797,1142646,msft_bin_000001/david9/ply/frame0000.ply.bin,24624,0.0744384017992908
2,0.285212,41.7388,0.0830554,52.4548,34.7131,0.0323167,8.3041,12.4563,1.39096,27.9759,1.20559,29.2182,9.0,11.7573,8.94823,11.8074,1.39096,27.9759,1.20559,29.2182,34.7131,0.0323167,8.94823,11.8074,msft/phil9/ply/frame0000.ply,msft_dec_000001/phil9/ply/frame0000.ply.bin.ply,370798,1302027,msft_bin_000001/phil9/ply/frame0000.ply.bin,26224,0.07072314305902405
3,0.196562,23.6724,0.0628182,33.5807,14.5602,-13.7209,4.47469,-3.47284,1.30875,7.20532,1.14635,8.35606,9.0,-9.54243,8.69189,-9.23986,1.30875,7.20532,1.14635,8.35606,14.5602,-13.7209,8.69189,-9.23986,msft/ricardo9/ply/frame0000.ply,msft_dec_000001/ricardo9/ply/frame0000.ply.bin.ply,214656,725516,msft_bin_000001/ricardo9/ply/frame0000.ply.bin,19352,0.09015354800238522
4,0.361763,29.2058,0.0873381,41.5502,25.02,-7.59148,13.181,-2.0247,1.34908,17.7735,1.1749,18.9743,10.6301,-0.15652,10.6229,-0.150588,1.34908,17.7735,1.1749,18.9743,25.02,-7.59148,13.181,-2.0247,msft/sarah9/ply/frame0000.ply,msft_dec_000001/sarah9/ply/frame0000.ply.bin.ply,302437,1021219,msft_bin_000001/sarah9/ply/frame0000.ply.bin,23168,0.07660438372289105
