,"A->B,rms1,p2point","A->B,rms1PSNR,p2point","A->B,rms1,p2plane","A->B,rms1PSNR,p2plane","A->B,h1,p2point","A->B,hPSNR1,p2point","A->B,h1,p2plane","A->B,hPSNR1,p2plane","B->A,rms2,p2point","B->A,rms2PSNR,p2point","B->A,rms2,p2plane","B->A,rms2PSNR,p2plane","B->A,h2,p2point","B->A,hPSNR2,p2point","B->A,h2,p2plane","B->A,hPSNR2,p2plane","Symmetric,rmsF,p2point","Symmetric,rmsFPSNR,p2point","Symmetric,rmsF,p2plane","Symmetric,rmsFPSNR,p2plane","Symmetric,hF,p2point","Symmetric,hPSNRF,p2point","Symmetric,hF,p2plane","Symmetric,hPSNRF,p2plane",ori_file,decompressed_file,n_points_ori,n_points_out
0,0.83354,18.9054,0.374715,25.8499,1.50503,13.773,1.45405,14.0723,0.617982,21.5044,0.366011,26.0541,251.813,-30.6976,145.098,-25.9093,0.83354,18.9054,0.374715,25.8499,251.813,-30.6976,145.098,-25.9093,msft/andrew9/ply/frame0000.ply,cwi-pcl-codec-samples/msft_8/andrew9/ply/frame0000.ply,279664,94947
1,1.0116,20.1529,0.469465,26.821,1.82805,15.0133,1.79831,15.1558,0.719565,23.1117,0.468481,26.8392,265.484,-28.2277,264.201,-28.1856,1.0116,20.1529,0.469465,26.821,265.484,-28.2277,264.201,-28.1856,msft/david9/ply/frame0000.ply,cwi-pcl-codec-samples/msft_8/david9/ply/frame0000.ply,330797,73159
2,0.951376,31.2751,0.446772,37.8405,1.70753,26.1948,1.66147,26.4323,0.683721,34.1446,0.428528,38.2026,216.178,-15.854,211.033,-15.6448,0.951376,31.2751,0.446772,37.8405,216.178,-15.854,211.033,-15.6448,msft/phil9/ply/frame0000.ply,cwi-pcl-codec-samples/msft_8/phil9/ply/frame0000.ply,370798,95507
3,0.752118,12.0167,0.35184,18.6155,1.36923,6.8129,1.30803,7.21006,0.576418,14.3277,0.327554,19.2368,306.141,-40.176,298.092,-39.9446,0.752118,12.0167,0.35184,18.6155,306.141,-40.176,298.092,-39.9446,msft/ricardo9/ply/frame0000.ply,cwi-pcl-codec-samples/msft_8/ricardo9/ply/frame0000.ply,214656,96798
4,0.953674,20.7863,0.439698,27.5112,1.72399,15.6436,1.63794,16.0883,0.683413,23.6806,0.434004,27.6244,296.892,-29.0777,274.969,-28.4114,0.953674,20.7863,0.439698,27.5112,296.892,-29.0777,274.969,-28.4114,msft/sarah9/ply/frame0000.ply,cwi-pcl-codec-samples/msft_8/sarah9/ply/frame0000.ply,302437,78608
