{
	"class_name" : "PinholeCameraParameters",
	"extrinsic" : 
	[
		1.0,
		-0.0,
		-0.0,
		0.0,
		0.0,
		-1.0,
		-0.0,
		0.0,
		0.0,
		-0.0,
		-1.0,
		0.0,
		-249.5,
		327.0,
		600.81359472563736,
		1.0
	],
	"intrinsic" : 
	{
		"height" : 1016,
		"intrinsic_matrix" : 
		[
			879.88181024498977,
			0.0,
			0.0,
			0.0,
			879.88181024498977,
			0.0,
			926.0,
			507.5,
			1.0
		],
		"width" : 1853
	},
	"version_major" : 1,
	"version_minor" : 0
}